stationID,obsTimeUtc,tempAvg,humidityAvg,solarRadiationHigh,precipRate,precipTotal,winddirAvg,windspeedAvg,windgustAvg,pressureMax,pressureMin,pressureTrend,heatindexAvg,dewptAvg
KNCDURHA209,2025-05-12 05:00:00+00:00,17.3,99.0,0.0,0.0,0.0,98,0.0,0.0,1026.08,1025.06,-0.68,17.3,17.1
KNCDURHA209,2025-05-12 06:00:00+00:00,17.3,99.0,0.0,0.0,0.0,97,0.0,0.0,1025.74,1024.72,0.0,17.3,17.1
KNCDURHA209,2025-05-12 07:00:00+00:00,17.7,99.0,0.0,0.0,0.0,62,0.0,0.1,1025.4,1025.06,0.0,17.7,17.5
KNCDURHA209,2025-05-12 08:00:00+00:00,17.8,99.0,0.0,0.0,0.0,91,0.0,0.0,1025.4,1024.72,0.0,17.8,17.6
KNCDURHA209,2025-05-12 09:00:00+00:00,17.7,99.0,0.0,0.0,0.0,89,0.0,0.1,1025.06,1024.38,-0.34,17.7,17.5
KNCDURHA209,2025-05-12 10:00:00+00:00,17.6,99.0,0.0,0.0,0.0,91,0.0,0.0,1025.06,1024.38,-0.34,17.6,17.4
KNCDURHA209,2025-05-12 11:00:00+00:00,17.6,99.0,0.0,0.0,0.0,94,0.0,0.0,1025.06,1024.38,0.68,17.6,17.4
KNCDURHA209,2025-05-12 12:00:00+00:00,17.8,99.0,3.4,0.0,0.0,99,0.1,0.1,1025.06,1024.38,-0.68,17.8,17.6
KNCDURHA209,2025-05-12 13:00:00+00:00,18.2,99.0,8.6,0.0,0.0,85,0.0,0.1,1025.06,1024.38,0.0,18.2,18.0
KNCDURHA209,2025-05-12 14:00:00+00:00,19.2,99.0,7.7,0.0,0.0,55,0.4,0.7,1024.38,1023.71,-0.34,19.2,19.0
KNCDURHA209,2025-05-12 15:00:00+00:00,19.7,99.0,11.3,0.0,0.0,53,0.6,1.0,1024.72,1024.04,0.34,19.7,19.5
KNCDURHA209,2025-05-12 16:00:00+00:00,20.2,99.0,24.7,0.0,0.0,53,1.1,1.8,1025.06,1023.71,-0.34,20.2,20.0
KNCDURHA209,2025-05-12 17:00:00+00:00,20.5,99.0,34.6,0.0,0.0,40,1.6,2.4,1024.04,1022.69,-1.02,20.5,20.3
KNCDURHA209,2025-05-12 18:00:00+00:00,20.5,99.0,24.7,0.0,0.0,45,1.6,2.4,1023.03,1022.35,-0.34,20.5,20.3
KNCDURHA209,2025-05-12 19:00:00+00:00,20.4,99.0,23.4,0.0,0.0,45,1.1,1.8,1022.69,1021.67,-0.68,20.4,20.2
KNCDURHA209,2025-05-12 20:00:00+00:00,20.4,99.0,22.0,0.0,0.0,40,1.4,2.1,1022.01,1021.0,-0.68,20.4,20.2
KNCDURHA209,2025-05-12 21:00:00+00:00,20.5,99.0,19.9,0.0,0.0,42,1.3,1.9,1021.33,1019.98,-0.68,20.5,20.3
KNCDURHA209,2025-05-12 22:00:00+00:00,20.3,99.0,16.9,0.0,0.0,27,2.1,3.0,1020.66,1019.3,-1.02,20.3,20.1
KNCDURHA209,2025-05-12 23:00:00+00:00,20.2,99.0,2.9,0.0,0.0,45,1.3,2.0,1019.64,1018.29,-1.36,20.2,19.9
KNCDURHA209,2025-05-13 00:00:00+00:00,20.0,99.0,0.9,0.0,0.0,38,1.0,1.6,1019.3,1017.95,0.68,20.0,19.8
KNCDURHA209,2025-05-13 01:00:00+00:00,19.9,99.0,0.0,0.0,0.0,47,1.4,2.1,1018.96,1018.63,-0.34,19.9,19.7
KNCDURHA209,2025-05-13 02:00:00+00:00,19.7,99.0,0.0,0.0,0.0,54,1.1,1.7,1018.96,1018.29,0.0,19.7,19.5
KNCDURHA209,2025-05-13 03:00:00+00:00,19.7,99.0,0.0,0.0,0.0,59,0.3,0.6,1018.96,1017.95,-0.34,19.7,19.5
KNCDURHA209,2025-05-13 04:00:00+00:00,20.1,99.0,0.0,0.0,0.0,48,1.6,2.5,1018.63,1017.95,-0.34,20.1,19.8
KNCDURHA590,2025-05-12 04:00:00+00:00,18.0,92.0,,0.0,0.0,247,2.7,6.3,1023.4,1023.4,0.0,18.0,16.7
KNCDURHA590,2025-05-12 06:00:00+00:00,17.7,94.0,,0.0,0.0,260,2.2,6.8,1022.73,1022.73,,17.7,16.7
KNCDURHA590,2025-05-12 06:00:00+00:00,17.8,94.0,,0.0,0.0,258,0.0,3.6,1022.72,1022.72,,17.8,16.8
KNCDURHA590,2025-05-12 07:00:00+00:00,17.9,95.0,,0.0,0.0,260,0.7,5.8,1022.72,1022.72,,17.9,17.1
KNCDURHA590,2025-05-12 11:00:00+00:00,17.7,97.0,,0.0,0.25,247,4.0,9.4,1022.04,1022.04,,17.7,17.2
KNCDURHA590,2025-05-12 13:00:00+00:00,19.1,95.0,,0.0,0.25,247,0.7,6.3,1022.32,1021.96,-1.44,19.1,18.3
KNCDURHA590,2025-05-12 15:00:00+00:00,20.0,94.5,,0.8,1.02,233,0.4,5.4,1021.93,1021.92,-0.02,20.0,19.1
KNCDURHA590,2025-05-12 15:00:00+00:00,20.2,95.0,,12.8,3.56,136,0.4,8.3,1022.26,1021.92,-1.34,20.2,19.3
KNCDURHA590,2025-05-12 17:00:00+00:00,21.4,91.5,,0.0,7.11,194,0.2,5.0,1021.18,1021.17,-0.03,22.0,20.0
KNCDURHA590,2025-05-12 18:00:00+00:00,21.3,91.0,,0.0,7.62,148,0.0,7.2,1020.15,1020.15,,21.8,19.7
KNCDURHA590,2025-05-12 18:00:00+00:00,21.0,91.0,,1.6,7.87,171,0.4,7.2,1019.82,1019.82,,21.0,19.5
KNCDURHA590,2025-05-12 20:00:00+00:00,21.0,91.5,,0.8,9.4,222,0.0,5.6,1019.13,1018.8,-0.44,21.3,19.6
KNCDURHA590,2025-05-12 21:00:00+00:00,21.0,92.0,,0.0,9.4,242,1.4,7.6,1017.76,1017.76,,21.0,19.6
KNCDURHA590,2025-05-12 23:00:00+00:00,20.2,93.0,,0.8,9.65,229,0.9,6.3,1016.42,1016.42,0.01,20.2,19.1
KNCDURHA590,2025-05-13 00:00:00+00:00,20.1,94.3,,0.8,10.16,240,0.5,5.3,1016.78,1016.08,0.93,20.1,19.1
KNCDURHA590,2025-05-13 01:00:00+00:00,19.8,94.0,,1.6,10.16,210,0.2,5.0,1016.44,1016.44,0.01,19.8,18.8
KNCDURHA590,2025-05-13 04:00:00+00:00,20.0,95.0,,0.8,11.18,86,2.7,109.6,1015.75,1015.74,-0.04,20.0,19.2
KNCDURHA209,2025-05-13 05:00:00+00:00,20.1,99.0,0.0,0.0,0.0,38,2.0,2.9,1018.29,1017.27,0.0,20.1,19.9
KNCDURHA209,2025-05-13 06:00:00+00:00,19.9,99.0,0.0,0.0,0.0,53,1.6,2.4,1017.95,1016.93,-0.68,19.9,19.7
KNCDURHA209,2025-05-13 07:00:00+00:00,19.4,99.0,0.0,0.0,0.0,60,0.4,0.7,1017.27,1016.26,-1.02,19.4,19.2
KNCDURHA209,2025-05-13 08:00:00+00:00,19.3,99.0,0.0,0.0,0.0,61,0.1,0.2,1016.59,1015.24,-1.02,19.3,19.1
KNCDURHA209,2025-05-13 09:00:00+00:00,19.4,99.0,0.0,0.0,0.0,53,0.9,1.3,1015.58,1014.56,-0.34,19.4,19.2
KNCDURHA209,2025-05-13 10:00:00+00:00,19.5,99.0,0.0,0.0,0.0,66,0.3,0.6,1015.58,1014.9,0.34,19.5,19.3
KNCDURHA209,2025-05-13 11:00:00+00:00,19.0,99.0,0.9,0.0,0.0,69,0.0,0.0,1015.24,1014.56,-0.34,19.0,18.8
KNCDURHA209,2025-05-13 12:00:00+00:00,19.1,99.0,10.8,0.0,0.0,69,0.0,0.0,1015.24,1014.56,0.0,19.1,18.9
KNCDURHA209,2025-05-13 13:00:00+00:00,20.0,99.0,21.7,0.0,0.0,49,0.4,0.6,1015.24,1014.56,-0.34,20.0,19.8
KNCDURHA209,2025-05-13 14:00:00+00:00,20.0,99.0,37.7,0.0,0.0,54,1.1,1.8,1015.24,1014.56,0.34,20.0,19.8
KNCDURHA209,2025-05-13 15:00:00+00:00,20.2,99.0,53.3,0.0,0.0,54,0.7,1.3,1015.24,1014.56,-0.34,20.2,20.0
KNCDURHA209,2025-05-13 16:00:00+00:00,20.6,99.0,44.7,0.0,0.0,61,1.2,1.9,1014.9,1014.22,-0.34,20.6,20.4
KNCDURHA209,2025-05-13 17:00:00+00:00,21.6,98.6,558.2,0.0,0.0,53,1.7,2.6,1014.56,1013.21,-0.68,22.2,21.3
KNCDURHA209,2025-05-13 18:00:00+00:00,23.4,89.1,714.0,0.0,0.0,52,2.0,2.9,1013.88,1012.53,-1.02,24.1,21.5
KNCDURHA209,2025-05-13 19:00:00+00:00,25.3,79.6,379.5,0.0,0.0,53,1.7,2.5,1012.87,1011.85,-0.68,26.0,21.5
KNCDURHA209,2025-05-13 20:00:00+00:00,26.5,73.8,504.0,0.0,0.0,50,2.3,3.3,1012.19,1011.18,-0.68,28.1,21.5
KNCDURHA209,2025-05-13 21:00:00+00:00,25.7,76.5,35.5,0.0,0.0,56,0.7,1.1,1011.51,1010.5,0.0,26.8,21.3
KNCDURHA209,2025-05-13 22:00:00+00:00,23.4,85.1,19.9,0.0,0.0,58,0.5,0.8,1011.18,1010.84,-0.34,24.0,20.8
KNCDURHA209,2025-05-13 23:00:00+00:00,22.7,81.7,14.7,0.0,0.0,64,0.0,0.1,1011.18,1010.16,0.0,23.2,19.5
KNCDURHA209,2025-05-14 00:00:00+00:00,21.6,89.1,7.7,0.0,0.0,71,0.0,0.0,1011.18,1010.5,0.34,22.2,19.8
KNCDURHA209,2025-05-14 01:00:00+00:00,20.5,93.6,0.0,0.0,0.0,72,0.0,0.0,1011.85,1010.84,0.68,20.5,19.4
KNCDURHA209,2025-05-14 02:00:00+00:00,19.6,97.0,0.0,0.0,0.0,71,0.0,0.0,1012.19,1011.85,0.34,19.6,19.2
KNCDURHA209,2025-05-14 03:00:00+00:00,19.2,98.6,0.0,0.0,0.0,70,0.0,0.0,1013.21,1012.19,0.68,19.2,19.0
KNCDURHA209,2025-05-14 04:00:00+00:00,18.5,99.0,0.0,0.0,0.0,70,0.0,0.0,1013.55,1012.53,0.34,18.5,18.3
KNCDURHA590,2025-05-13 06:00:00+00:00,19.7,96.0,,0.8,1.52,0,23.4,210.6,1015.42,1015.42,,19.7,19.1
KNCDURHA590,2025-05-13 06:00:00+00:00,19.5,96.0,,3.2,3.05,0,23.0,216.5,1014.74,1014.73,0.04,19.5,18.8
KNCDURHA590,2025-05-13 08:00:00+00:00,19.3,97.0,,7.2,8.64,0,20.2,199.4,1012.69,1012.69,0.0,19.3,18.8
KNCDURHA590,2025-05-13 10:00:00+00:00,19.2,97.0,,20.0,36.83,0,21.1,205.0,1013.03,1012.69,0.02,19.2,18.7
KNCDURHA590,2025-05-13 12:00:00+00:00,19.0,97.5,,0.0,37.59,0,19.8,184.3,1012.69,1012.37,0.64,19.0,18.6
KNCDURHA590,2025-05-13 12:00:00+00:00,19.8,97.5,,0.0,37.59,0,20.5,202.0,1012.68,1012.66,-0.05,19.8,19.3
KNCDURHA590,2025-05-13 16:00:00+00:00,21.6,90.0,,0.8,37.85,103,3.6,10.8,1011.55,1011.55,,22.2,19.9
KNCDURHA590,2025-05-13 18:00:00+00:00,27.9,64.0,,0.0,38.1,98,3.2,11.9,1009.54,1009.54,,29.7,20.4
KNCDURHA590,2025-05-13 18:00:00+00:00,28.1,62.0,,0.0,38.1,100,3.2,13.3,1009.53,1009.53,,29.9,20.1
KNCDURHA590,2025-05-13 20:00:00+00:00,28.2,58.7,,0.0,38.1,96,2.4,13.7,1008.86,1008.11,-1.49,29.5,19.3
KNCDURHA590,2025-05-13 21:00:00+00:00,26.6,61.0,,0.0,38.1,97,4.5,13.9,1007.91,1007.85,0.12,27.3,18.4
KNCDURHA590,2025-05-13 23:00:00+00:00,25.8,59.0,,0.0,38.1,112,0.7,7.6,1007.58,1007.58,,26.0,17.1
KNCDURHA590,2025-05-14 04:00:00+00:00,18.7,90.5,,0.0,38.1,139,0.0,0.0,1010.66,1010.66,0.03,18.7,17.1
KNCDURHA209,2025-05-14 05:00:00+00:00,18.1,99.0,0.0,0.0,0.0,70,0.0,0.0,1013.21,1012.53,-0.68,18.1,17.8
KNCDURHA209,2025-05-14 06:00:00+00:00,17.6,99.0,0.0,0.0,0.0,70,0.0,0.0,1012.87,1012.19,-0.34,17.6,17.4
KNCDURHA209,2025-05-14 07:00:00+00:00,17.2,99.0,0.0,0.0,0.0,70,0.0,0.0,1012.53,1011.85,0.0,17.2,17.0
KNCDURHA209,2025-05-14 08:00:00+00:00,17.1,99.0,0.0,0.0,0.0,70,0.0,0.0,1012.87,1011.85,0.0,17.1,16.9
KNCDURHA209,2025-05-14 09:00:00+00:00,17.3,99.0,0.0,0.0,0.0,70,0.0,0.0,1012.19,1011.51,-0.34,17.3,17.1
KNCDURHA209,2025-05-14 10:00:00+00:00,17.0,99.0,0.0,0.0,0.0,70,0.0,0.0,1012.87,1011.85,0.68,17.0,16.8
KNCDURHA209,2025-05-14 11:00:00+00:00,17.1,99.0,5.1,0.0,0.0,68,0.0,0.0,1013.88,1012.19,1.36,17.1,16.9
KNCDURHA209,2025-05-14 12:00:00+00:00,17.7,99.0,9.5,0.0,0.0,63,0.0,0.0,1013.88,1013.21,-0.34,17.7,17.5
KNCDURHA209,2025-05-14 13:00:00+00:00,18.6,99.0,18.1,0.0,0.0,55,0.1,0.1,1014.56,1013.55,0.68,18.6,18.4
KNCDURHA209,2025-05-14 14:00:00+00:00,19.6,98.3,112.7,0.0,0.0,62,0.5,0.8,1014.56,1013.88,0.0,19.6,19.3
KNCDURHA209,2025-05-14 15:00:00+00:00,21.7,89.7,100.6,0.0,0.0,55,0.6,0.8,1014.22,1013.55,-0.34,22.2,20.0
KNCDURHA209,2025-05-14 16:00:00+00:00,24.2,78.2,140.1,0.0,0.0,53,1.5,2.2,1013.88,1013.21,-0.68,24.7,20.1
KNCDURHA209,2025-05-14 17:00:00+00:00,25.5,71.6,624.7,0.0,0.0,46,2.0,2.9,1013.21,1012.19,-0.68,26.0,20.0
KNCDURHA209,2025-05-14 18:00:00+00:00,23.2,86.2,19.5,0.0,0.0,69,0.4,0.7,1013.21,1012.19,0.34,23.8,20.6
KNCDURHA209,2025-05-14 19:00:00+00:00,20.9,93.6,297.1,0.0,0.0,58,1.1,1.7,1013.55,1012.53,0.68,21.2,19.9
KNCDURHA209,2025-05-14 20:00:00+00:00,19.0,97.7,74.1,0.0,0.0,91,0.5,0.8,1013.88,1012.87,-0.34,19.1,18.6
KNCDURHA209,2025-05-14 21:00:00+00:00,18.8,99.0,13.8,0.0,0.0,90,0.4,0.6,1013.55,1012.53,0.0,18.8,18.6
KNCDURHA209,2025-05-14 22:00:00+00:00,18.5,99.0,12.1,0.0,0.0,79,0.4,0.5,1013.21,1012.19,-1.02,18.5,18.3
KNCDURHA209,2025-05-14 23:00:00+00:00,18.9,99.0,25.1,0.0,0.0,81,0.1,0.2,1012.87,1012.19,0.34,18.9,18.7
KNCDURHA209,2025-05-15 00:00:00+00:00,19.0,99.0,7.3,0.0,0.0,87,0.0,0.0,1013.21,1012.19,0.34,19.0,18.8
KNCDURHA209,2025-05-15 01:00:00+00:00,18.6,99.0,0.0,0.0,0.0,87,0.0,0.0,1012.87,1012.53,0.0,18.6,18.4
KNCDURHA209,2025-05-15 02:00:00+00:00,18.2,99.0,0.0,0.0,0.0,87,0.0,0.0,1013.55,1012.53,0.34,18.2,18.0
KNCDURHA209,2025-05-15 03:00:00+00:00,18.2,99.0,0.0,0.0,0.0,88,0.0,0.0,1014.22,1013.21,0.68,18.2,18.0
KNCDURHA209,2025-05-15 04:00:00+00:00,18.1,99.0,0.0,0.0,0.0,74,0.0,0.0,1013.88,1013.21,-0.34,18.1,17.9
KNCDURHA590,2025-05-14 04:00:00+00:00,18.5,92.0,,0.0,0.0,139,0.0,0.0,1010.33,1010.33,,18.5,17.2
KNCDURHA590,2025-05-14 06:00:00+00:00,17.5,94.0,,0.0,0.0,139,0.0,0.0,1010.03,1010.03,,17.5,16.5
KNCDURHA590,2025-05-14 08:00:00+00:00,17.7,97.0,,0.0,0.0,139,0.0,0.0,1010.02,1010.02,,17.7,17.2
KNCDURHA590,2025-05-14 13:00:00+00:00,18.8,96.0,,0.0,0.0,128,0.0,4.3,1011.34,1011.34,,18.8,18.1
KNCDURHA590,2025-05-14 14:00:00+00:00,22.2,78.0,,0.0,0.0,91,0.7,6.5,1011.18,1011.18,,22.5,18.2
KNCDURHA590,2025-05-14 16:00:00+00:00,25.2,64.0,,0.0,0.0,101,4.0,10.4,1010.69,1010.69,,25.5,17.9
KNCDURHA590,2025-05-14 18:00:00+00:00,21.4,87.0,,0.0,1.02,108,2.2,7.6,1010.19,1010.19,,21.9,19.1
KNCDURHA590,2025-05-14 18:00:00+00:00,21.6,86.0,,0.0,1.02,116,0.4,6.5,1010.52,1010.52,,22.1,19.2
KNCDURHA590,2025-05-14 20:00:00+00:00,19.3,86.0,,12.0,5.33,152,3.1,17.5,1010.65,1010.6,0.06,19.3,16.9
KNCDURHA590,2025-05-14 21:00:00+00:00,18.9,92.0,,12.0,5.84,255,4.3,13.7,1010.31,1010.31,,18.9,17.6
KNCDURHA590,2025-05-14 22:00:00+00:00,18.5,93.0,,0.0,19.3,271,0.7,7.6,1009.98,1009.98,,18.5,17.3
KNCDURHA590,2025-05-15 00:00:00+00:00,19.2,90.5,,0.0,19.3,271,0.0,0.0,1010.3,1010.28,0.08,19.2,17.6
KNCDURHA590,2025-05-15 03:00:00+00:00,18.4,96.0,,0.0,19.3,267,0.0,0.0,1011.36,1011.36,,18.4,17.7
KNCDURHA590,2025-05-15 03:00:00+00:00,18.0,96.0,,0.0,19.3,261,0.0,0.0,1011.38,1011.38,,18.0,17.4
KNCDURHA209,2025-05-15 05:00:00+00:00,17.9,99.0,0.0,0.0,0.0,74,0.0,0.0,1013.88,1013.21,0.0,17.9,17.7
KNCDURHA209,2025-05-15 06:00:00+00:00,17.8,99.0,0.0,0.0,0.0,61,0.1,0.1,1013.55,1012.87,-0.34,17.8,17.6
KNCDURHA209,2025-05-15 07:00:00+00:00,17.5,99.0,0.0,0.0,0.0,64,0.0,0.0,1013.88,1012.87,0.0,17.5,17.3
KNCDURHA209,2025-05-15 08:00:00+00:00,17.1,99.0,0.0,0.0,0.0,64,0.0,0.0,1013.55,1012.87,0.0,17.1,16.9
KNCDURHA209,2025-05-15 09:00:00+00:00,17.0,99.0,0.0,0.0,0.0,64,0.0,0.0,1013.55,1012.87,-0.34,17.0,16.8
KNCDURHA209,2025-05-15 10:00:00+00:00,17.2,99.0,0.0,0.0,0.0,64,0.0,0.0,1013.21,1012.53,0.0,17.2,17.0
KNCDURHA209,2025-05-15 11:00:00+00:00,17.5,99.0,1.7,0.0,0.0,63,0.0,0.1,1013.55,1012.87,0.34,17.5,17.3
KNCDURHA209,2025-05-15 12:00:00+00:00,18.0,99.0,10.4,0.0,0.0,55,0.1,0.3,1013.88,1012.87,0.68,18.0,17.8
KNCDURHA209,2025-05-15 13:00:00+00:00,18.6,99.0,16.9,0.0,0.0,62,0.2,0.5,1014.22,1013.55,0.34,18.6,18.4
KNCDURHA209,2025-05-15 14:00:00+00:00,19.2,99.0,29.0,0.0,0.0,65,0.1,0.3,1014.56,1013.88,0.34,19.2,19.0
KNCDURHA209,2025-05-15 15:00:00+00:00,19.8,99.0,48.9,0.0,0.0,62,0.4,0.8,1014.56,1013.88,-0.68,19.8,19.6
KNCDURHA209,2025-05-15 16:00:00+00:00,20.9,99.0,66.8,0.0,0.0,82,0.2,0.4,1014.22,1013.55,0.0,21.1,20.7
KNCDURHA209,2025-05-15 17:00:00+00:00,23.0,95.4,503.2,0.0,0.0,74,0.6,1.0,1013.88,1012.87,-0.34,23.8,22.2
KNCDURHA209,2025-05-15 18:00:00+00:00,26.1,84.3,656.7,0.0,0.0,64,0.8,1.4,1013.88,1013.21,-0.34,28.0,23.2
KNCDURHA209,2025-05-15 19:00:00+00:00,27.6,79.9,397.7,0.0,0.0,59,0.6,1.0,1013.55,1012.53,-0.68,31.0,23.8
KNCDURHA209,2025-05-15 20:00:00+00:00,27.7,78.6,173.5,0.0,0.0,57,0.5,0.8,1012.53,1011.51,-0.68,31.1,23.6
KNCDURHA209,2025-05-15 21:00:00+00:00,28.4,75.4,74.1,0.0,0.0,55,0.9,1.4,1011.85,1011.18,-0.68,32.2,23.6
KNCDURHA209,2025-05-15 22:00:00+00:00,28.3,74.4,117.1,0.0,0.0,62,0.5,0.9,1011.18,1010.84,0.0,31.9,23.3
KNCDURHA209,2025-05-15 23:00:00+00:00,28.7,72.6,84.0,0.0,0.0,53,0.3,0.6,1011.51,1010.5,-0.34,32.6,23.3
KNCDURHA209,2025-05-16 00:00:00+00:00,26.5,82.1,12.1,0.0,0.0,64,0.0,0.1,1011.18,1010.5,0.34,28.6,23.2
KNCDURHA209,2025-05-16 01:00:00+00:00,24.5,87.0,0.4,0.0,0.0,72,0.0,0.0,1011.85,1010.5,0.68,25.2,22.2
KNCDURHA209,2025-05-16 02:00:00+00:00,23.1,92.6,0.0,0.0,0.0,72,0.0,0.0,1012.53,1011.51,0.34,23.9,21.9
KNCDURHA209,2025-05-16 03:00:00+00:00,22.4,94.7,0.0,0.0,0.0,72,0.0,0.0,1012.87,1012.19,0.34,23.2,21.5
KNCDURHA209,2025-05-16 04:00:00+00:00,21.7,97.2,0.0,0.0,0.0,72,0.0,0.0,1013.21,1012.53,0.34,22.5,21.3
KNCDURHA590,2025-05-15 04:00:00+00:00,18.1,97.0,,0.0,0.0,177,0.4,4.0,1011.38,1011.38,,18.1,17.6
KNCDURHA590,2025-05-15 05:00:00+00:00,17.7,98.0,,0.0,0.0,121,0.0,0.0,1011.05,1011.05,,17.7,17.4
KNCDURHA590,2025-05-15 07:00:00+00:00,16.7,98.0,,0.0,0.0,121,0.0,0.0,1011.1,1011.1,,16.7,16.4
KNCDURHA590,2025-05-15 08:00:00+00:00,16.6,98.0,,0.0,0.0,121,0.0,0.0,1011.11,1011.1,0.01,16.6,16.3
KNCDURHA590,2025-05-15 09:00:00+00:00,16.8,99.0,,0.0,0.0,226,0.2,2.5,1011.1,1010.75,-0.72,16.8,16.6
KNCDURHA590,2025-05-15 11:00:00+00:00,17.1,99.0,,0.0,0.0,216,0.0,0.0,1011.07,1010.74,0.66,17.1,17.0
KNCDURHA590,2025-05-15 11:00:00+00:00,17.7,100.0,,0.0,0.0,216,0.0,0.0,1011.39,1011.39,,17.7,17.7
KNCDURHA590,2025-05-15 13:00:00+00:00,19.1,98.0,,0.0,0.0,202,0.4,6.8,1011.67,1011.67,,19.1,18.8
KNCDURHA590,2025-05-15 15:00:00+00:00,22.5,83.5,,0.0,0.25,102,1.6,7.0,1011.18,1011.15,-0.15,23.0,19.6
KNCDURHA590,2025-05-15 17:00:00+00:00,26.8,68.5,,0.0,0.25,109,2.2,9.5,1010.67,1010.23,-0.6,28.0,20.4
KNCDURHA590,2025-05-15 19:00:00+00:00,31.4,56.0,,0.0,0.25,96,2.2,9.5,1009.04,1009.04,0.03,34.8,21.6
KNCDURHA590,2025-05-15 19:00:00+00:00,30.8,57.0,,0.0,0.25,97,2.2,7.7,1008.72,1008.72,0.01,33.8,21.3
KNCDURHA590,2025-05-15 21:00:00+00:00,31.1,55.0,,0.0,0.25,82,7.9,220.3,1007.68,1007.68,,33.9,21.0
KNCDURHA590,2025-05-15 22:00:00+00:00,30.8,54.0,,0.0,0.25,0,24.8,225.4,1007.35,1007.35,,33.0,20.4
KNCDURHA590,2025-05-16 00:00:00+00:00,30.4,51.5,,0.0,0.25,6,15.3,223.4,1007.04,1007.01,0.12,32.0,19.3
KNCDURHA590,2025-05-16 01:00:00+00:00,26.9,63.0,,0.0,0.25,113,0.0,3.2,1007.53,1007.53,,28.2,19.2
KNCDURHA590,2025-05-16 03:00:00+00:00,24.1,76.5,,0.0,0.25,95,4.0,10.1,1009.38,1009.37,0.04,24.6,19.7
KNCDURHA590,2025-05-16 03:00:00+00:00,23.8,77.0,,0.0,0.25,124,2.2,9.4,1009.39,1009.39,,24.2,19.5
KNCDURHA209,2025-05-16 05:00:00+00:00,21.4,98.0,0.0,0.0,0.0,72,0.0,0.0,1013.55,1012.19,-0.34,22.1,21.1
KNCDURHA209,2025-05-16 06:00:00+00:00,21.2,97.0,0.0,0.0,0.0,72,0.0,0.0,1012.53,1011.85,-0.34,21.8,20.8
KNCDURHA209,2025-05-16 07:00:00+00:00,20.8,97.8,0.0,0.0,0.0,72,0.0,0.0,1012.19,1011.51,-0.68,20.8,20.5
KNCDURHA209,2025-05-16 08:00:00+00:00,20.2,98.8,0.0,0.0,0.0,71,0.0,0.0,1011.85,1011.18,0.0,20.2,20.0
KNCDURHA209,2025-05-16 09:00:00+00:00,20.0,99.0,0.0,0.0,0.0,62,0.2,0.4,1011.85,1011.18,0.0,20.0,19.8
KNCDURHA209,2025-05-16 10:00:00+00:00,20.1,99.0,0.0,0.0,0.0,59,0.5,0.8,1012.19,1010.5,-0.68,20.1,19.9
KNCDURHA209,2025-05-16 11:00:00+00:00,20.0,99.0,4.3,0.0,0.0,80,0.1,0.2,1012.87,1010.5,2.05,20.0,19.8
KNCDURHA209,2025-05-16 12:00:00+00:00,20.5,99.0,14.3,0.0,0.0,66,0.1,0.3,1013.88,1012.87,0.68,20.7,20.3
KNCDURHA209,2025-05-16 13:00:00+00:00,22.1,96.4,26.8,0.0,0.0,59,0.1,0.1,1013.88,1012.53,0.34,22.9,21.5
KNCDURHA209,2025-05-16 14:00:00+00:00,24.0,91.2,36.8,0.0,0.0,67,0.0,0.1,1013.88,1013.21,-0.68,24.9,22.5
KNCDURHA209,2025-05-16 15:00:00+00:00,25.7,86.3,56.3,0.0,0.0,62,0.0,0.0,1013.21,1012.53,0.0,27.1,23.2
KNCDURHA209,2025-05-16 16:00:00+00:00,27.0,82.4,60.7,0.0,0.0,63,0.2,0.3,1013.21,1012.19,0.0,30.0,23.8
KNCDURHA209,2025-05-16 17:00:00+00:00,28.1,79.0,205.5,0.0,0.0,61,0.4,0.7,1013.21,1012.19,-0.55,32.1,24.1
KNCDURHA209,2025-05-16 23:00:00+00:00,26.2,78.9,25.6,0.0,0.0,110,1.2,1.8,1013.21,1012.19,-1.15,28.1,22.2
KNCDURHA209,2025-05-17 00:00:00+00:00,24.3,79.8,9.5,0.0,0.0,61,0.1,0.1,1012.53,1010.84,0.0,24.9,20.6
KNCDURHA209,2025-05-17 01:00:00+00:00,22.9,84.7,0.0,0.0,0.0,64,0.0,0.0,1012.19,1010.84,-1.36,23.5,20.2
KNCDURHA209,2025-05-17 02:00:00+00:00,22.3,87.8,0.0,0.0,0.0,62,0.1,0.1,1011.51,1010.16,0.34,22.9,20.2
KNCDURHA209,2025-05-17 03:00:00+00:00,21.4,91.9,0.0,0.0,0.0,63,0.2,0.4,1011.18,1009.48,-1.36,22.0,20.1
KNCDURHA209,2025-05-17 04:00:00+00:00,21.2,94.1,0.0,0.0,0.0,63,0.0,0.0,1011.18,1009.48,1.02,21.5,20.2
KNCDURHA590,2025-05-16 05:00:00+00:00,21.9,84.0,,0.0,0.0,100,2.9,8.3,1009.48,1009.48,,22.3,19.1
KNCDURHA590,2025-05-16 06:00:00+00:00,21.4,85.0,,0.0,0.0,98,2.2,6.1,1009.16,1009.16,,21.8,18.8
KNCDURHA590,2025-05-16 10:00:00+00:00,19.9,93.0,,0.0,0.0,84,0.6,6.4,1008.88,1008.19,-0.92,19.9,18.7
KNCDURHA590,2025-05-16 11:00:00+00:00,20.1,91.5,,0.0,0.0,94,1.4,11.2,1009.9,1008.19,2.28,20.1,18.7
KNCDURHA590,2025-05-16 11:00:00+00:00,21.1,87.0,,0.0,0.0,131,0.0,3.2,1010.54,1010.54,,21.5,18.9
KNCDURHA590,2025-05-16 12:00:00+00:00,22.2,84.0,,0.0,0.0,103,1.1,7.2,1010.49,1010.49,,22.7,19.4
KNCDURHA590,2025-05-16 13:00:00+00:00,24.6,78.0,,0.0,0.0,124,0.0,4.3,1010.38,1010.38,,25.2,20.5
KNCDURHA590,2025-05-16 17:00:00+00:00,31.1,56.0,,0.0,0.0,118,4.0,14.0,1009.05,1009.05,,34.1,21.3
KNCDURHA590,2025-05-16 18:00:00+00:00,31.2,55.0,,0.0,0.0,121,3.8,13.4,1009.06,1009.04,0.03,34.0,21.0
KNCDURHA590,2025-05-16 19:00:00+00:00,31.2,56.0,,0.0,0.0,113,2.6,11.2,1009.05,1008.72,-0.63,34.2,21.3
KNCDURHA590,2025-05-16 20:00:00+00:00,30.3,60.3,,0.0,0.0,116,2.0,9.4,1009.44,1009.43,-0.01,33.4,21.7
KNCDURHA590,2025-05-16 21:00:00+00:00,30.6,61.7,,0.0,0.0,116,2.6,10.7,1009.42,1009.07,-0.47,34.4,22.4
KNCDURHA590,2025-05-16 22:00:00+00:00,29.7,65.0,,0.0,0.0,266,2.6,10.1,1009.81,1009.12,0.03,33.2,22.4
KNCDURHA590,2025-05-16 23:00:00+00:00,27.8,62.8,,0.0,0.0,279,6.6,22.3,1009.82,1009.24,-0.73,29.7,20.1
KNCDURHA590,2025-05-17 00:00:00+00:00,25.6,62.5,,0.0,0.0,255,0.9,7.7,1008.98,1008.27,0.05,25.9,17.9
KNCDURHA590,2025-05-17 01:00:00+00:00,24.3,67.0,,0.0,0.0,299,1.2,5.4,1009.37,1009.02,-0.41,24.6,17.8
KNCDURHA590,2025-05-17 02:00:00+00:00,23.2,73.3,,0.0,0.0,67,0.2,4.6,1008.72,1008.37,0.05,23.4,18.1
KNCDURHA590,2025-05-17 03:00:00+00:00,22.2,78.0,,0.0,0.0,132,0.5,5.1,1008.75,1007.77,-1.32,22.5,18.1
KNCDURHA590,2025-05-17 04:00:00+00:00,21.8,80.5,,0.0,0.0,127,0.4,5.0,1008.8,1007.77,1.38,22.1,18.3
KNCDURHA209,2025-05-17 05:00:00+00:00,20.9,95.4,0.0,0.0,0.0,63,0.0,0.0,1011.18,1010.16,-0.34,20.9,20.1
KNCDURHA209,2025-05-17 06:00:00+00:00,20.9,97.0,0.0,0.0,0.0,63,0.0,0.0,1010.5,1009.82,-0.68,20.9,20.4
KNCDURHA209,2025-05-17 07:00:00+00:00,21.1,98.0,0.0,0.0,0.0,63,0.0,0.0,1010.16,1009.48,-0.34,21.6,20.8
KNCDURHA209,2025-05-17 08:00:00+00:00,22.2,98.4,0.0,0.0,0.0,62,0.5,0.8,1009.48,1008.81,-0.34,23.0,21.9
KNCDURHA209,2025-05-17 09:00:00+00:00,23.0,97.7,0.0,0.0,0.0,62,0.7,1.3,1009.48,1009.14,0.34,23.9,22.7
KNCDURHA209,2025-05-17 10:00:00+00:00,22.8,97.7,0.0,0.0,0.0,89,0.3,0.5,1011.18,1009.14,1.7,23.6,22.4
KNCDURHA209,2025-05-17 11:00:00+00:00,21.5,87.6,1.7,0.0,0.0,122,1.8,2.7,1012.87,1011.18,1.36,21.9,19.3
KNCDURHA209,2025-05-17 12:00:00+00:00,20.6,84.6,5.6,0.0,0.0,82,0.1,0.2,1013.55,1012.53,0.68,20.6,17.9
KNCDURHA209,2025-05-17 13:00:00+00:00,20.3,85.4,10.4,0.0,0.0,74,0.0,0.1,1013.21,1012.19,-1.02,20.3,17.8
KNCDURHA209,2025-05-17 14:00:00+00:00,20.7,84.4,10.8,0.0,0.0,60,0.5,0.8,1012.19,1011.18,-0.34,20.7,18.0
KNCDURHA209,2025-05-17 15:00:00+00:00,20.5,86.8,17.3,0.0,0.0,55,1.7,2.7,1012.19,1009.48,-2.04,20.5,18.2
KNCDURHA209,2025-05-17 16:00:00+00:00,21.9,84.6,94.9,0.0,0.0,50,1.4,2.2,1010.16,1009.48,-0.34,22.3,19.2
KNCDURHA209,2025-05-17 17:00:00+00:00,25.3,74.4,432.0,0.0,0.0,51,1.7,2.8,1010.16,1009.48,0.0,25.9,20.4
KNCDURHA209,2025-05-17 18:00:00+00:00,27.4,68.1,770.3,0.0,0.0,64,1.6,2.6,1009.82,1008.47,-1.02,29.3,21.0
KNCDURHA209,2025-05-17 19:00:00+00:00,29.2,62.8,670.2,0.0,0.0,60,2.1,3.4,1008.47,1007.79,-0.68,31.9,21.4
KNCDURHA209,2025-05-17 20:00:00+00:00,29.4,61.8,308.4,0.0,0.0,64,1.9,3.2,1007.79,1006.77,-0.68,32.0,21.3
KNCDURHA209,2025-05-17 21:00:00+00:00,29.4,61.4,228.1,0.0,0.0,71,2.0,3.3,1007.11,1006.77,-0.34,32.0,21.2
KNCDURHA209,2025-05-17 22:00:00+00:00,29.2,61.6,190.8,0.0,0.0,70,1.4,2.3,1006.77,1006.1,-0.34,31.6,21.1
KNCDURHA209,2025-05-17 23:00:00+00:00,29.3,60.7,166.5,0.0,0.0,68,0.7,1.3,1006.43,1006.1,-0.34,31.6,20.9
KNCDURHA209,2025-05-18 00:00:00+00:00,27.0,67.7,8.6,0.0,0.0,72,0.1,0.3,1006.77,1006.1,0.68,28.7,20.6
KNCDURHA209,2025-05-18 01:00:00+00:00,25.2,74.4,0.0,0.0,0.0,78,0.2,0.4,1007.79,1006.43,1.02,25.8,20.4
KNCDURHA209,2025-05-18 02:00:00+00:00,23.8,77.8,0.0,0.0,0.0,87,0.0,0.0,1008.13,1007.45,0.34,24.3,19.7
KNCDURHA209,2025-05-18 03:00:00+00:00,22.7,77.9,0.0,0.0,0.0,87,0.0,0.0,1008.81,1007.79,0.34,23.1,18.7
KNCDURHA209,2025-05-18 04:00:00+00:00,21.3,82.6,0.0,0.0,0.0,88,0.0,0.0,1008.81,1008.13,0.34,21.6,18.3
KNCDURHA590,2025-05-17 05:00:00+00:00,22.0,79.3,,0.0,0.0,132,0.0,0.8,1008.8,1008.09,-0.94,22.3,18.2
KNCDURHA590,2025-05-17 06:00:00+00:00,22.1,82.8,,0.0,0.0,132,0.0,0.6,1008.1,1008.09,0.0,22.5,19.0
KNCDURHA590,2025-05-17 07:00:00+00:00,22.3,86.3,,0.0,0.0,103,1.1,5.1,1008.1,1007.72,-0.5,22.9,19.9
KNCDURHA590,2025-05-17 08:00:00+00:00,23.0,87.3,,0.0,0.0,91,5.9,12.0,1007.38,1007.02,-0.47,23.6,20.7
KNCDURHA590,2025-05-17 09:00:00+00:00,23.2,87.0,,0.0,0.0,93,5.9,12.3,1007.35,1007.35,0.0,23.9,20.9
KNCDURHA590,2025-05-17 10:00:00+00:00,23.3,85.5,,0.0,0.0,101,3.2,9.8,1007.69,1007.35,0.45,23.9,20.7
KNCDURHA590,2025-05-17 11:00:00+00:00,22.6,71.8,,0.0,0.0,276,12.2,82.1,1010.85,1009.06,2.39,22.8,17.2
KNCDURHA590,2025-05-17 12:00:00+00:00,21.3,69.3,,0.0,0.0,278,3.9,17.0,1011.57,1010.87,0.94,21.3,15.4
KNCDURHA590,2025-05-17 13:00:00+00:00,21.0,70.0,,0.0,0.0,103,0.5,6.4,1011.24,1010.54,-1.39,21.0,15.3
KNCDURHA590,2025-05-17 14:00:00+00:00,21.0,71.5,,0.0,0.0,105,3.9,12.5,1010.2,1009.85,-0.44,21.0,15.6
KNCDURHA590,2025-05-17 15:00:00+00:00,20.6,76.0,,0.0,0.0,106,5.7,18.4,1010.22,1008.17,-2.27,20.6,16.2
KNCDURHA590,2025-05-17 16:00:00+00:00,22.3,72.5,,0.0,0.0,104,5.0,15.1,1007.81,1007.67,-0.19,22.4,17.1
KNCDURHA590,2025-05-17 17:00:00+00:00,26.1,60.3,,0.0,0.0,110,6.6,21.7,1007.62,1007.53,-0.1,26.7,17.8
KNCDURHA590,2025-05-17 18:00:00+00:00,28.2,54.0,,0.0,0.0,109,6.9,26.4,1007.19,1006.03,-1.54,29.1,18.0
KNCDURHA590,2025-05-17 18:00:00+00:00,29.6,50.5,,0.0,0.0,118,8.5,28.6,1006.04,1005.68,-1.41,30.6,18.2
KNCDURHA590,2025-05-17 20:00:00+00:00,30.2,48.8,,0.0,0.0,113,9.8,32.3,1005.0,1004.28,-0.9,31.2,18.2
KNCDURHA590,2025-05-17 21:00:00+00:00,30.5,48.3,,0.0,0.0,118,8.3,30.1,1004.29,1003.92,-0.47,31.5,18.3
KNCDURHA590,2025-05-17 22:00:00+00:00,30.7,47.3,,0.0,0.0,120,7.2,28.5,1003.59,1003.23,-0.47,31.6,18.1
KNCDURHA590,2025-05-17 23:00:00+00:00,30.5,46.0,,0.0,0.0,117,6.1,22.1,1003.26,1003.23,0.02,31.1,17.5
KNCDURHA590,2025-05-18 00:00:00+00:00,28.9,51.8,,0.0,0.0,114,4.7,16.6,1003.7,1003.3,0.53,29.7,17.9
KNCDURHA590,2025-05-18 01:00:00+00:00,26.7,58.0,,0.0,0.0,123,2.8,12.5,1004.82,1003.73,1.46,27.4,17.7
KNCDURHA590,2025-05-18 02:00:00+00:00,25.2,61.8,,0.0,0.0,120,3.2,12.0,1005.55,1005.19,0.48,25.3,17.3
KNCDURHA590,2025-05-18 03:00:00+00:00,24.3,60.5,,0.0,0.0,120,2.6,11.5,1005.95,1005.56,0.53,24.4,16.2
KNCDURHA590,2025-05-18 04:00:00+00:00,23.2,58.8,,0.0,0.0,121,2.8,11.3,1005.99,1005.97,0.03,23.1,14.7
KNCDURHA209,2025-05-18 05:00:00+00:00,20.4,78.5,0.0,0.0,0.0,87,0.0,0.0,1009.48,1008.47,0.34,20.4,16.6
KNCDURHA209,2025-05-18 06:00:00+00:00,19.5,80.4,0.0,0.0,0.0,87,0.0,0.0,1009.82,1009.14,0.68,19.5,16.1
KNCDURHA209,2025-05-18 07:00:00+00:00,18.6,84.0,0.0,0.0,0.0,85,0.1,0.2,1009.82,1009.14,-0.34,18.6,15.8
KNCDURHA209,2025-05-18 08:00:00+00:00,18.6,78.2,0.0,0.0,0.0,85,0.0,0.0,1010.5,1009.48,0.68,18.6,14.8
KNCDURHA209,2025-05-18 09:00:00+00:00,17.6,82.6,0.0,0.0,0.0,85,0.0,0.0,1011.18,1010.16,1.02,17.6,14.6
KNCDURHA209,2025-05-18 10:00:00+00:00,17.4,84.0,0.0,0.0,0.0,85,0.0,0.0,1011.85,1010.84,0.34,17.4,14.7
KNCDURHA209,2025-05-18 11:00:00+00:00,17.9,78.4,2.1,0.0,0.0,85,0.0,0.0,1011.85,1011.18,0.34,17.9,14.1
KNCDURHA209,2025-05-18 12:00:00+00:00,18.1,82.4,14.7,0.0,0.0,85,0.0,0.0,1012.53,1011.85,0.68,18.1,15.1
KNCDURHA209,2025-05-18 13:00:00+00:00,19.7,78.2,17.7,0.0,0.0,79,0.0,0.1,1012.87,1012.19,-0.34,19.7,15.7
KNCDURHA209,2025-05-18 14:00:00+00:00,22.4,66.3,85.0,0.0,0.0,78,0.4,0.8,1012.53,1012.19,0.0,22.4,15.8
KNCDURHA209,2025-05-18 15:00:00+00:00,23.7,60.2,69.7,0.0,0.0,89,1.2,2.1,1012.53,1011.85,0.0,23.7,15.6
KNCDURHA209,2025-05-18 16:00:00+00:00,24.7,58.1,217.3,0.0,0.0,87,1.4,2.2,1012.87,1012.19,0.34,24.8,15.9
KNCDURHA209,2025-05-18 17:00:00+00:00,25.6,54.3,553.9,0.0,0.0,82,1.3,2.3,1012.87,1012.19,-0.34,25.6,15.7
KNCDURHA209,2025-05-18 18:00:00+00:00,26.9,52.5,724.8,0.0,0.0,81,0.9,1.6,1012.53,1011.85,0.0,27.3,16.4
KNCDURHA209,2025-05-18 19:00:00+00:00,28.2,48.5,599.1,0.0,0.0,84,1.0,1.6,1012.19,1011.51,-0.68,28.6,16.4
KNCDURHA209,2025-05-18 20:00:00+00:00,28.5,46.6,95.8,0.0,0.0,88,1.0,1.8,1011.85,1011.18,-0.34,28.6,15.9
KNCDURHA209,2025-05-18 21:00:00+00:00,29.0,44.3,277.6,0.0,0.0,79,1.1,1.9,1011.18,1010.5,-0.34,29.1,15.7
KNCDURHA209,2025-05-18 22:00:00+00:00,28.3,49.1,128.0,0.0,0.0,67,0.7,1.2,1011.18,1010.16,-0.34,28.7,16.6
KNCDURHA209,2025-05-18 23:00:00+00:00,28.8,46.6,23.9,0.0,0.0,74,0.2,0.3,1010.84,1010.16,-0.34,29.1,16.3
KNCDURHA209,2025-05-19 00:00:00+00:00,26.1,55.8,5.6,0.0,0.0,71,0.0,0.0,1010.84,1010.16,0.68,26.4,16.6
KNCDURHA209,2025-05-19 01:00:00+00:00,24.2,62.4,0.0,0.0,0.0,71,0.0,0.0,1011.18,1010.5,0.34,24.3,16.6
KNCDURHA209,2025-05-19 02:00:00+00:00,22.2,72.2,0.0,0.0,0.0,88,0.0,0.0,1012.19,1011.18,1.02,22.4,17.0
KNCDURHA209,2025-05-19 03:00:00+00:00,21.2,77.2,0.0,0.0,0.0,86,0.0,0.0,1012.19,1011.51,-0.34,21.3,17.0
KNCDURHA209,2025-05-19 04:00:00+00:00,20.0,83.2,0.0,0.0,0.0,86,0.0,0.0,1012.53,1011.85,0.68,20.0,17.1
KNCDURHA590,2025-05-18 05:00:00+00:00,22.4,55.8,,0.0,0.0,140,1.5,7.5,1007.08,1006.33,1.0,22.2,13.1
KNCDURHA590,2025-05-18 06:00:00+00:00,21.1,58.0,,0.0,0.0,134,0.8,6.2,1007.47,1007.09,0.51,20.9,12.5
KNCDURHA590,2025-05-18 07:00:00+00:00,20.8,58.0,,0.0,0.0,131,3.2,10.3,1007.48,1007.46,-0.02,20.8,12.2
KNCDURHA590,2025-05-18 08:00:00+00:00,20.2,58.8,,0.0,0.0,138,1.8,6.9,1008.2,1007.47,0.98,20.2,11.9
KNCDURHA590,2025-05-18 09:00:00+00:00,19.5,61.0,,0.0,0.0,142,1.7,8.3,1008.91,1008.21,0.94,19.5,11.8
KNCDURHA590,2025-05-18 10:00:00+00:00,19.8,60.3,,0.0,0.0,130,3.1,9.7,1009.92,1009.26,0.86,19.8,11.8
KNCDURHA590,2025-05-18 11:00:00+00:00,20.4,55.0,,0.0,0.0,53,1.4,7.7,1009.89,1009.55,0.46,20.4,11.0
KNCDURHA590,2025-05-18 12:00:00+00:00,19.8,60.5,,0.0,0.0,126,0.9,8.1,1010.61,1009.9,0.95,19.8,11.9
KNCDURHA590,2025-05-18 13:00:00+00:00,20.7,60.5,,0.0,0.0,113,3.4,11.4,1010.59,1010.18,-0.55,20.7,12.8
KNCDURHA590,2025-05-18 14:00:00+00:00,22.8,53.3,,0.0,0.0,103,4.9,16.9,1010.47,1010.09,-0.07,22.6,12.8
KNCDURHA590,2025-05-18 15:00:00+00:00,24.1,47.5,,0.0,0.0,77,7.7,26.1,1010.08,1009.69,-0.52,23.8,12.2
KNCDURHA590,2025-05-18 16:00:00+00:00,25.2,44.5,,0.0,0.0,49,7.5,23.7,1010.34,1010.0,0.41,24.9,12.2
KNCDURHA590,2025-05-18 17:00:00+00:00,26.1,42.0,,0.0,0.0,101,8.4,24.8,1010.32,1009.96,-0.71,25.9,12.2
KNCDURHA590,2025-05-18 18:00:00+00:00,27.7,39.8,,0.0,0.0,98,5.6,19.4,1009.59,1009.52,-0.09,27.4,12.8
KNCDURHA590,2025-05-18 19:00:00+00:00,29.1,36.3,,0.0,0.0,118,6.0,19.1,1009.16,1008.79,-0.49,28.3,12.5
KNCDURHA590,2025-05-18 20:00:00+00:00,30.4,32.8,,0.0,0.0,117,6.0,20.8,1008.75,1008.41,-0.46,29.4,12.2
KNCDURHA590,2025-05-18 21:00:00+00:00,30.8,32.0,,0.0,0.0,118,7.0,24.0,1008.06,1007.68,-0.51,29.7,12.2
KNCDURHA590,2025-05-18 22:00:00+00:00,30.1,36.5,,0.0,0.0,120,5.4,19.3,1007.77,1007.36,-0.5,29.4,13.6
KNCDURHA590,2025-05-18 23:00:00+00:00,30.0,35.0,,0.0,0.0,122,4.0,13.6,1007.74,1007.37,-0.49,29.1,12.8
KNCDURHA590,2025-05-19 00:00:00+00:00,28.7,40.3,,0.0,0.0,115,4.0,12.9,1007.84,1007.38,0.62,28.4,13.8
KNCDURHA590,2025-05-19 01:00:00+00:00,26.2,47.3,,0.0,0.0,121,2.7,10.5,1008.28,1007.86,0.56,26.2,14.1
KNCDURHA590,2025-05-19 02:00:00+00:00,24.2,55.0,,0.0,0.0,157,1.1,7.2,1009.05,1008.65,0.52,24.1,14.6
KNCDURHA590,2025-05-19 03:00:00+00:00,22.7,62.0,,0.0,0.0,139,0.2,4.3,1009.81,1009.4,0.54,22.7,15.0
KNCDURHA590,2025-05-19 04:00:00+00:00,21.2,67.5,,0.0,0.0,136,0.2,4.1,1010.22,1009.83,0.52,21.1,14.9
